county,kg_seized,period_label,period_date,time_idx,half,year,log_kg_seized,county_total,is_hotspot
Baringo,0.08,2021 H1,2021-03-31,0,1,2021,0.07696104113612832,18.21,0
Baringo,0.08,2021 H2,2021-09-30,1,2,2021,0.07696104113612832,18.21,0
Baringo,2.25,2022 H1,2022-03-31,2,1,2022,1.1786549963416462,18.21,0
Baringo,7.3,2022 H2,2022-09-30,3,2,2022,2.1162555148025524,18.21,0
Baringo,0.1,2023 H1,2023-03-31,4,1,2023,0.09531017980432487,18.21,0
Baringo,6.45,2023 H2,2023-09-30,5,2,2023,2.0082140323914683,18.21,0
Baringo,0.0,2024 H1,2024-03-31,6,1,2024,0.0,18.21,0
Baringo,0.65,2024 H2,2024-09-30,7,2,2024,0.5007752879124893,18.21,0
Baringo,1.3,2025 H1,2025-03-31,8,1,2025,0.832909122935104,18.21,0
Bomet,1.4,2021 H1,2021-03-31,0,1,2021,0.8754687373538999,736.689,0
Bomet,6.6,2021 H2,2021-09-30,1,2,2021,2.028148247292285,736.689,0
Bomet,1.0,2022 H1,2022-03-31,2,1,2022,0.6931471805599453,736.689,0
Bomet,2.964,2022 H2,2022-09-30,3,2,2022,1.3772536164677416,736.689,0
Bomet,1.01,2023 H1,2023-03-31,4,1,2023,0.6981347220709844,736.689,0
Bomet,301.0,2023 H2,2023-09-30,5,2,2023,5.71042701737487,736.689,0
Bomet,279.8,2024 H1,2024-03-31,6,1,2024,5.637642672151656,736.689,0
Bomet,140.905,2024 H2,2024-09-30,7,2,2024,4.955157819626969,736.689,0
Bomet,2.01,2025 H1,2025-03-31,8,1,2025,1.1019400787607843,736.689,0
Bungoma,2.4,2021 H1,2021-03-31,0,1,2021,1.2237754316221157,1346.145,0
Bungoma,8.35,2021 H2,2021-09-30,1,2,2021,2.2353763433005955,1346.145,0
Bungoma,575.6,2022 H1,2022-03-31,2,1,2022,6.357148785204302,1346.145,0
Bungoma,10.625,2022 H2,2022-09-30,3,2,2022,2.45315795147342,1346.145,0
Bungoma,510.56,2023 H1,2023-03-31,4,1,2023,6.23746488056512,1346.145,0
Bungoma,16.16,2023 H2,2023-09-30,5,2,2023,2.8425810940598164,1346.145,0
Bungoma,33.4,2024 H1,2024-03-31,6,1,2024,3.5380565643793527,1346.145,0
Bungoma,168.7,2024 H2,2024-09-30,7,2,2024,5.134032172240181,1346.145,0
Bungoma,20.35,2025 H1,2025-03-31,8,1,2025,3.0610517396746335,1346.145,0
Busia,696.46,2021 H1,2021-03-31,0,1,2021,6.54744516438083,4722.028,1
Busia,171.54,2021 H2,2021-09-30,1,2,2021,5.1506290936484325,4722.028,1
Busia,110.42,2022 H1,2022-03-31,2,1,2022,4.71330684459267,4722.028,1
Busia,109.388,2022 H2,2022-09-30,3,2,2022,4.704001432283021,4722.028,1
Busia,390.0,2023 H1,2023-03-31,4,1,2023,5.968707559985366,4722.028,1
Busia,1149.63,2023 H2,2023-09-30,5,2,2023,7.048064897442322,4722.028,1
Busia,847.6,2024 H1,2024-03-31,6,1,2024,6.743587932768224,4722.028,1
Busia,1002.7,2024 H2,2024-09-30,7,2,2024,6.911448450819755,4722.028,1
Busia,244.29,2025 H1,2025-03-31,8,1,2025,5.502441184024992,4722.028,1
Elgeyo Marakwet,0.2,2021 H1,2021-03-31,0,1,2021,0.18232155679395462,84.63,0
Elgeyo Marakwet,0.46,2021 H2,2021-09-30,1,2,2021,0.3784364357202451,84.63,0
Elgeyo Marakwet,0.57,2022 H1,2022-03-31,2,1,2022,0.4510756193602167,84.63,0
Elgeyo Marakwet,5.44,2022 H2,2022-09-30,3,2,2022,1.8625285401162623,84.63,0
Elgeyo Marakwet,1.12,2023 H1,2023-03-31,4,1,2023,0.7514160886839212,84.63,0
Elgeyo Marakwet,0.09,2023 H2,2023-09-30,5,2,2023,0.08617769624105233,84.63,0
Elgeyo Marakwet,0.8,2024 H1,2024-03-31,6,1,2024,0.5877866649021191,84.63,0
Elgeyo Marakwet,0.9,2024 H2,2024-09-30,7,2,2024,0.6418538861723948,84.63,0
Elgeyo Marakwet,75.05,2025 H1,2025-03-31,8,1,2025,4.331391018705302,84.63,0
Embu,254.165,2021 H1,2021-03-31,0,1,2021,5.541910394729656,2055.945,0
Embu,25.99,2021 H2,2021-09-30,1,2,2021,3.295466427029913,2055.945,0
Embu,34.53,2022 H1,2022-03-31,2,1,2022,3.5703774100329357,2055.945,0
Embu,40.71,2022 H2,2022-09-30,3,2,2022,3.730740908208854,2055.945,0
Embu,145.2,2023 H1,2023-03-31,4,1,2023,4.984975547315678,2055.945,0
Embu,104.35,2023 H2,2023-09-30,5,2,2023,4.657288140250198,2055.945,0
Embu,12.1,2024 H1,2024-03-31,6,1,2024,2.5726122302071057,2055.945,0
Embu,1262.0,2024 H2,2024-09-30,7,2,2024,7.141245122350491,2055.945,0
Embu,176.9,2025 H1,2025-03-31,8,1,2025,5.18122159467179,2055.945,0
Garissa,5.0,2021 H1,2021-03-31,0,1,2021,1.791759469228055,178.8,0
Garissa,18.0,2021 H2,2021-09-30,1,2,2021,2.9444389791664403,178.8,0
Garissa,11.275,2022 H1,2022-03-31,2,1,2022,2.5075646736805846,178.8,0
Garissa,4.55,2022 H2,2022-09-30,3,2,2022,1.713797927758343,178.8,0
Garissa,10.774999999999999,2023 H1,2023-03-31,4,1,2023,2.4659786399024815,178.8,0
Garissa,17.0,2023 H2,2023-09-30,5,2,2023,2.8903717578961645,178.8,0
Garissa,2.2,2024 H1,2024-03-31,6,1,2024,1.1631508098056809,178.8,0
Garissa,55.0,2024 H2,2024-09-30,7,2,2024,4.02535169073515,178.8,0
Garissa,55.0,2025 H1,2025-03-31,8,1,2025,4.02535169073515,178.8,0
Homa Bay,4.0,2021 H1,2021-03-31,0,1,2021,1.6094379124341003,766.6,0
Homa Bay,6.35,2021 H2,2021-09-30,1,2,2021,1.9947003132247452,766.6,0
Homa Bay,3.75,2022 H1,2022-03-31,2,1,2022,1.55814461804655,766.6,0
Homa Bay,126.8,2022 H2,2022-09-30,3,2,2022,4.850466541943434,766.6,0
Homa Bay,0.65,2023 H1,2023-03-31,4,1,2023,0.5007752879124893,766.6,0
Homa Bay,35.45,2023 H2,2023-09-30,5,2,2023,3.5959414584546674,766.6,0
Homa Bay,10.7,2024 H1,2024-03-31,6,1,2024,2.4595888418037104,766.6,0
Homa Bay,418.6,2024 H2,2024-09-30,7,2,2024,6.039301876522142,766.6,0
Homa Bay,160.3,2025 H1,2025-03-31,8,1,2025,5.083265985131163,766.6,0
Isiolo,40.83,2021 H1,2021-03-31,0,1,2021,3.733613785454107,1452.8410000000001,0
Isiolo,188.09,2021 H2,2021-09-30,1,2,2021,5.242223092193129,1452.8410000000001,0
Isiolo,179.423,2022 H1,2022-03-31,2,1,2022,5.195304093958558,1452.8410000000001,0
Isiolo,173.458,2022 H2,2022-09-30,3,2,2022,5.161684024993471,1452.8410000000001,0
Isiolo,50.14,2023 H1,2023-03-31,4,1,2023,3.9345669698630408,1452.8410000000001,0
Isiolo,302.22,2023 H2,2023-09-30,5,2,2023,5.714458614653435,1452.8410000000001,0
Isiolo,10.7,2024 H1,2024-03-31,6,1,2024,2.4595888418037104,1452.8410000000001,0
Isiolo,473.6,2024 H2,2024-09-30,7,2,2024,6.162472344001663,1452.8410000000001,0
Isiolo,34.38,2025 H1,2025-03-31,8,1,2025,3.566146688731639,1452.8410000000001,0
Kajiado,4.5,2021 H1,2021-03-31,0,1,2021,1.7047480922384253,1425.4720000000002,0
Kajiado,6.5,2021 H2,2021-09-30,1,2,2021,2.0149030205422647,1425.4720000000002,0
Kajiado,3.502,2022 H1,2022-03-31,2,1,2022,1.5045217424845405,1425.4720000000002,0
Kajiado,3.34,2022 H2,2022-09-30,3,2,2022,1.4678743481123135,1425.4720000000002,0
Kajiado,15.52,2023 H1,2023-03-31,4,1,2023,2.804571768092832,1425.4720000000002,0
Kajiado,1139.91,2023 H2,2023-09-30,5,2,2023,7.039581468573991,1425.4720000000002,0
Kajiado,10.5,2024 H1,2024-03-31,6,1,2024,2.4423470353692043,1425.4720000000002,0
Kajiado,170.6,2024 H2,2024-09-30,7,2,2024,5.145166187053862,1425.4720000000002,0
Kajiado,71.1,2025 H1,2025-03-31,8,1,2025,4.278054044290903,1425.4720000000002,0
Kakamega,1.15,2021 H1,2021-03-31,0,1,2021,0.7654678421395714,273.05,0
Kakamega,1.15,2021 H2,2021-09-30,1,2,2021,0.7654678421395714,273.05,0
Kakamega,6.5,2022 H1,2022-03-31,2,1,2022,2.0149030205422647,273.05,0
Kakamega,34.23,2022 H2,2022-09-30,3,2,2022,3.561897992353146,273.05,0
Kakamega,6.2,2023 H1,2023-03-31,4,1,2023,1.9740810260220096,273.05,0
Kakamega,1.62,2023 H2,2023-09-30,5,2,2023,0.9631743177730056,273.05,0
Kakamega,182.0,2024 H1,2024-03-31,6,1,2024,5.209486152841421,273.05,0
Kakamega,3.3,2024 H2,2024-09-30,7,2,2024,1.4586150226995167,273.05,0
Kakamega,36.9,2025 H1,2025-03-31,8,1,2025,3.6349511120883804,273.05,0
Kapu (CPIU),0.92997,2021 H1,2021-03-31,0,1,2021,0.6575044587545336,441.65497,0
Kapu (CPIU),0.54,2021 H2,2021-09-30,1,2,2021,0.43178241642553783,441.65497,0
Kapu (CPIU),2.96,2022 H1,2022-03-31,2,1,2022,1.3762440252663892,441.65497,0
Kapu (CPIU),13.224999999999998,2022 H2,2022-09-30,3,2,2022,2.6550009800123946,441.65497,0
Kapu (CPIU),23.49,2023 H1,2023-03-31,4,1,2023,3.1982648709640764,441.65497,0
Kapu (CPIU),7.47,2023 H2,2023-09-30,5,2,2023,2.136530508663963,441.65497,0
Kapu (CPIU),4.9,2024 H1,2024-03-31,6,1,2024,1.7749523509116738,441.65497,0
Kapu (CPIU),8.2,2024 H2,2024-09-30,7,2,2024,2.2192034840549946,441.65497,0
Kapu (CPIU),379.94,2025 H1,2025-03-31,8,1,2025,5.942641882410413,441.65497,0
Kericho,0.84,2021 H1,2021-03-31,0,1,2021,0.6097655716208943,1256.915,0
Kericho,0.07,2021 H2,2021-09-30,1,2,2021,0.06765864847381481,1256.915,0
Kericho,25.335,2022 H1,2022-03-31,2,1,2022,3.270898852935353,1256.915,0
Kericho,50.6,2022 H2,2022-09-30,3,2,2022,3.9435216724875173,1256.915,0
Kericho,17.2,2023 H1,2023-03-31,4,1,2023,2.9014215940827497,1256.915,0
Kericho,533.25,2023 H2,2023-09-30,5,2,2023,6.280863894199257,1256.915,0
Kericho,10.3,2024 H1,2024-03-31,6,1,2024,2.424802725718295,1256.915,0
Kericho,76.0,2024 H2,2024-09-30,7,2,2024,4.343805421853684,1256.915,0
Kericho,543.32,2025 H1,2025-03-31,8,1,2025,6.299537309207497,1256.915,0
Kiambu,25.125,2021 H1,2021-03-31,0,1,2021,3.262892710284975,3915.925,0
Kiambu,523.54,2021 H2,2021-09-30,1,2,2021,6.26252168803619,3915.925,0
Kiambu,97.263,2022 H1,2022-03-31,2,1,2022,4.587647557518073,3915.925,0
Kiambu,122.367,2022 H2,2022-09-30,3,2,2022,4.815163652692791,3915.925,0
Kiambu,522.64,2023 H1,2023-03-31,4,1,2023,6.260804425311898,3915.925,0
Kiambu,981.44,2023 H2,2023-09-30,5,2,2023,6.890039273176357,3915.925,0
Kiambu,518.4,2024 H1,2024-03-31,6,1,2024,6.252674299228648,3915.925,0
Kiambu,493.3,2024 H2,2024-09-30,7,2,2024,6.203142620312914,3915.925,0
Kiambu,631.85,2025 H1,2025-03-31,8,1,2025,6.450233427238458,3915.925,0
Kilifi,36.87,2021 H1,2021-03-31,0,1,2021,3.634159241913703,4667.34,0
Kilifi,41.51,2021 H2,2021-09-30,1,2,2021,3.749739342370699,4667.34,0
Kilifi,16.522,2022 H1,2022-03-31,2,1,2022,2.863457234244172,4667.34,0
Kilifi,137.868,2022 H2,2022-09-30,3,2,2022,4.933523841648913,4667.34,0
Kilifi,1028.05,2023 H1,2023-03-31,4,1,2023,6.9363913255184695,4667.34,0
Kilifi,1710.38,2023 H2,2023-09-30,5,2,2023,7.445055341576999,4667.34,0
Kilifi,469.9,2024 H1,2024-03-31,6,1,2024,6.154645757249509,4667.34,0
Kilifi,688.0,2024 H2,2024-09-30,7,2,2024,6.535241271013659,4667.34,0
Kilifi,538.24,2025 H1,2025-03-31,8,1,2025,6.290160740822864,4667.34,0
Kirinyanga,71.4,2021 H1,2021-03-31,0,1,2021,4.282206299391671,479.26599999999996,0
Kirinyanga,33.19,2021 H2,2021-09-30,1,2,2021,3.5319332036512097,479.26599999999996,0
Kirinyanga,5.251,2022 H1,2022-03-31,2,1,2022,1.8327414509496753,479.26599999999996,0
Kirinyanga,30.015,2022 H2,2022-09-30,3,2,2022,3.4344709584250808,479.26599999999996,0
Kirinyanga,303.63,2023 H1,2023-03-31,4,1,2023,5.719097925433975,479.26599999999996,0
Kirinyanga,6.09,2023 H2,2023-09-30,5,2,2023,1.958685340544036,479.26599999999996,0
Kirinyanga,11.2,2024 H1,2024-03-31,6,1,2024,2.501435951739211,479.26599999999996,0
Kirinyanga,6.0,2024 H2,2024-09-30,7,2,2024,1.9459101490553132,479.26599999999996,0
Kirinyanga,12.49,2025 H1,2025-03-31,8,1,2025,2.6019486702196644,479.26599999999996,0
Kisii,602.105,2021 H1,2021-03-31,0,1,2021,6.402091310921663,3831.99,0
Kisii,17.62,2021 H2,2021-09-30,1,2,2021,2.924236271848921,3831.99,0
Kisii,7.835,2022 H1,2022-03-31,2,1,2022,2.17872110577166,3831.99,0
Kisii,25.42,2022 H2,2022-09-30,3,2,2022,3.2741212990941793,3831.99,0
Kisii,13.56,2023 H1,2023-03-31,4,1,2023,2.67827804276854,3831.99,0
Kisii,1463.23,2023 H2,2023-09-30,5,2,2023,7.28908478600688,3831.99,0
Kisii,553.5,2024 H1,2024-03-31,6,1,2024,6.318066806790422,3831.99,0
Kisii,649.8,2024 H2,2024-09-30,7,2,2024,6.478202375344883,3831.99,0
Kisii,498.92,2025 H1,2025-03-31,8,1,2025,6.214448085620826,3831.99,0
Kisumu,692.36,2021 H1,2021-03-31,0,1,2021,6.541549344826089,3119.0899999999997,0
Kisumu,12.05,2021 H2,2021-09-30,1,2,2021,2.5687881337687024,3119.0899999999997,0
Kisumu,2.2,2022 H1,2022-03-31,2,1,2022,1.1631508098056809,3119.0899999999997,0
Kisumu,73.05,2022 H2,2022-09-30,3,2,2022,4.304740540713808,3119.0899999999997,0
Kisumu,1143.81,2023 H1,2023-03-31,4,1,2023,7.042993963354334,3119.0899999999997,0
Kisumu,2.02,2023 H2,2023-09-30,5,2,2023,1.1052568313867783,3119.0899999999997,0
Kisumu,99.1,2024 H1,2024-03-31,6,1,2024,4.6061696863211745,3119.0899999999997,0
Kisumu,678.2,2024 H2,2024-09-30,7,2,2024,6.520915634997138,3119.0899999999997,0
Kisumu,416.3,2025 H1,2025-03-31,8,1,2025,6.033805387597507,3119.0899999999997,0
Kitui,73.4,2021 H1,2021-03-31,0,1,2021,4.309455941839047,544.844,0
Kitui,10.82,2021 H2,2021-09-30,1,2,2021,2.469793011977952,544.844,0
Kitui,27.107,2022 H1,2022-03-31,2,1,2022,3.3360186556371607,544.844,0
Kitui,76.377,2022 H2,2022-09-30,3,2,2022,4.348689578812867,544.844,0
Kitui,110.74,2023 H1,2023-03-31,4,1,2023,4.716174744031003,544.844,0
Kitui,0.31,2023 H2,2023-09-30,5,2,2023,0.27002713721306015,544.844,0
Kitui,18.9,2024 H1,2024-03-31,6,1,2024,2.990719731730447,544.844,0
Kitui,115.4,2024 H2,2024-09-30,7,2,2024,4.757032535297338,544.844,0
Kitui,111.79,2025 H1,2025-03-31,8,1,2025,4.725527682651825,544.844,0
Kwale,48.0,2021 H1,2021-03-31,0,1,2021,3.8918202981106265,1773.92,0
Kwale,1.05,2021 H2,2021-09-30,1,2,2021,0.7178397931503169,1773.92,0
Kwale,0.8,2022 H1,2022-03-31,2,1,2022,0.5877866649021191,1773.92,0
Kwale,12.5,2022 H2,2022-09-30,3,2,2022,2.6026896854443837,1773.92,0
Kwale,2.35,2023 H1,2023-03-31,4,1,2023,1.208960345836975,1773.92,0
Kwale,0.51,2023 H2,2023-09-30,5,2,2023,0.412109650826833,1773.92,0
Kwale,159.0,2024 H1,2024-03-31,6,1,2024,5.075173815233827,1773.92,0
Kwale,710.2,2024 H2,2024-09-30,7,2,2024,6.566953684199695,1773.92,0
Kwale,839.51,2025 H1,2025-03-31,8,1,2025,6.734008850457846,1773.92,0
Laikipia,5.0,2021 H1,2021-03-31,0,1,2021,1.791759469228055,1694.375,0
Laikipia,27.0,2021 H2,2021-09-30,1,2,2021,3.332204510175204,1694.375,0
Laikipia,6.5,2022 H1,2022-03-31,2,1,2022,2.0149030205422647,1694.375,0
Laikipia,42.675,2022 H2,2022-09-30,3,2,2022,3.7767758560201203,1694.375,0
Laikipia,1.7,2023 H1,2023-03-31,4,1,2023,0.9932517730102834,1694.375,0
Laikipia,0.0,2023 H2,2023-09-30,5,2,2023,0.0,1694.375,0
Laikipia,1590.9,2024 H1,2024-03-31,6,1,2024,7.37268355036109,1694.375,0
Laikipia,13.7,2024 H2,2024-09-30,7,2,2024,2.6878474937846906,1694.375,0
Laikipia,6.9,2025 H1,2025-03-31,8,1,2025,2.066862759472976,1694.375,0
Lamu,0.01,2021 H1,2021-03-31,0,1,2021,0.009950330853168083,34.37,0
Lamu,1.01,2021 H2,2021-09-30,1,2,2021,0.6981347220709844,34.37,0
Lamu,10.0,2022 H1,2022-03-31,2,1,2022,2.3978952727983707,34.37,0
Lamu,1.05,2022 H2,2022-09-30,3,2,2022,0.7178397931503169,34.37,0
Lamu,10.02,2023 H1,2023-03-31,4,1,2023,2.3997118037247684,34.37,0
Lamu,3.78,2023 H2,2023-09-30,5,2,2023,1.5644405465033646,34.37,0
Lamu,0.5,2024 H1,2024-03-31,6,1,2024,0.4054651081081644,34.37,0
Lamu,5.6,2024 H2,2024-09-30,7,2,2024,1.8870696490323797,34.37,0
Lamu,2.4,2025 H1,2025-03-31,8,1,2025,1.2237754316221157,34.37,0
Machakos,316.955,2021 H1,2021-03-31,0,1,2021,5.76190986333281,2630.886,0
Machakos,354.98,2021 H2,2021-09-30,1,2,2021,5.874874549498607,2630.886,0
Machakos,154.455,2022 H1,2022-03-31,2,1,2022,5.046356300670668,2630.886,0
Machakos,111.946,2022 H2,2022-09-30,3,2,2022,4.72690982838697,2630.886,0
Machakos,119.77,2023 H1,2023-03-31,4,1,2023,4.793887910287284,2630.886,0
Machakos,152.32,2023 H2,2023-09-30,5,2,2023,5.032527240512354,2630.886,0
Machakos,707.7,2024 H1,2024-03-31,6,1,2024,6.56343230581621,2630.886,0
Machakos,390.6,2024 H2,2024-09-30,7,2,2024,5.970240910656355,2630.886,0
Machakos,322.16,2025 H1,2025-03-31,8,1,2025,5.778147556611508,2630.886,0
Makueni,360.045,2021 H1,2021-03-31,0,1,2021,5.889002604303862,2016.4750000000001,0
Makueni,44.23,2021 H2,2021-09-30,1,2,2021,3.8117605834897517,2016.4750000000001,0
Makueni,572.16,2022 H1,2022-03-31,2,1,2022,6.351164909848402,2016.4750000000001,0
Makueni,5.34,2022 H2,2022-09-30,3,2,2022,1.8468787684491346,2016.4750000000001,0
Makueni,633.87,2023 H1,2023-03-31,4,1,2023,6.453420253524341,2016.4750000000001,0
Makueni,134.99,2023 H2,2023-09-30,5,2,2023,4.912581353620868,2016.4750000000001,0
Makueni,14.7,2024 H1,2024-03-31,6,1,2024,2.7536607123542622,2016.4750000000001,0
Makueni,236.5,2024 H2,2024-09-30,7,2,2024,5.470167623474696,2016.4750000000001,0
Makueni,14.64,2025 H1,2025-03-31,8,1,2025,2.7498317351171653,2016.4750000000001,0
Mandera,20.0,2021 H1,2021-03-31,0,1,2021,3.044522437723423,44.335,0
Mandera,0.0,2021 H2,2021-09-30,1,2,2021,0.0,44.335,0
Mandera,0.83,2022 H1,2022-03-31,2,1,2022,0.6043159668533296,44.335,0
Mandera,0.055,2022 H2,2022-09-30,3,2,2022,0.053540766928029816,44.335,0
Mandera,21.7,2023 H1,2023-03-31,4,1,2023,3.122364924487357,44.335,0
Mandera,0.25,2023 H2,2023-09-30,5,2,2023,0.22314355131420976,44.335,0
Mandera,0.5,2024 H1,2024-03-31,6,1,2024,0.4054651081081644,44.335,0
Mandera,0.5,2024 H2,2024-09-30,7,2,2024,0.4054651081081644,44.335,0
Mandera,0.5,2025 H1,2025-03-31,8,1,2025,0.4054651081081644,44.335,0
Marsabit,36.54,2021 H1,2021-03-31,0,1,2021,3.6254070311583626,5058.71,1
Marsabit,9.5,2021 H2,2021-09-30,1,2,2021,2.3513752571634776,5058.71,1
Marsabit,1.0,2022 H1,2022-03-31,2,1,2022,0.6931471805599453,5058.71,1
Marsabit,2411.9,2022 H2,2022-09-30,3,2,2022,7.788584622578133,5058.71,1
Marsabit,0.5,2023 H1,2023-03-31,4,1,2023,0.4054651081081644,5058.71,1
Marsabit,1412.07,2023 H2,2023-09-30,5,2,2023,7.253519921443308,5058.71,1
Marsabit,83.0,2024 H1,2024-03-31,6,1,2024,4.430816798843313,5058.71,1
Marsabit,16.0,2024 H2,2024-09-30,7,2,2024,2.833213344056216,5058.71,1
Marsabit,1088.2,2025 H1,2025-03-31,8,1,2025,6.993198760799604,5058.71,1
Meru,304.53,2021 H1,2021-03-31,0,1,2021,5.722047973463045,842.4209999999999,0
Meru,159.09,2021 H2,2021-09-30,1,2,2021,5.075736157090003,842.4209999999999,0
Meru,8.366,2022 H1,2022-03-31,2,1,2022,2.23708611076135,842.4209999999999,0
Meru,49.455,2022 H2,2022-09-30,3,2,2022,3.921081849916492,842.4209999999999,0
Meru,110.47,2023 H1,2023-03-31,4,1,2023,4.713755496401532,842.4209999999999,0
Meru,1.73,2023 H2,2023-09-30,5,2,2023,1.0043016091968684,842.4209999999999,0
Meru,36.5,2024 H1,2024-03-31,6,1,2024,3.624340932976365,842.4209999999999,0
Meru,49.0,2024 H2,2024-09-30,7,2,2024,3.912023005428146,842.4209999999999,0
Meru,123.28,2025 H1,2025-03-31,8,1,2025,4.822537084524846,842.4209999999999,0
Migori,741.0,2021 H1,2021-03-31,0,1,2021,6.60934924316738,9943.53,1
Migori,170.0,2021 H2,2021-09-30,1,2,2021,5.14166355650266,9943.53,1
Migori,219.0,2022 H1,2022-03-31,2,1,2022,5.393627546352361,9943.53,1
Migori,981.2,2022 H2,2022-09-30,3,2,2022,6.889794953605144,9943.53,1
Migori,1170.0,2023 H1,2023-03-31,4,1,2023,7.065613363597717,9943.53,1
Migori,1786.9,2023 H2,2023-09-30,5,2,2023,7.4887970257577745,9943.53,1
Migori,2504.0,2024 H1,2024-03-31,6,1,2024,7.826044013518965,9943.53,1
Migori,1357.4,2024 H2,2024-09-30,7,2,2024,7.214062815557083,9943.53,1
Migori,1014.03,2025 H1,2025-03-31,8,1,2025,6.922673447689345,9943.53,1
Mombasa,50.508,2021 H1,2021-03-31,0,1,2021,3.9417371354115374,3755.2780000000002,0
Mombasa,61.26,2021 H2,2021-09-30,1,2,2021,4.131319165013462,3755.2780000000002,0
Mombasa,4.52,2022 H1,2022-03-31,2,1,2022,1.7083778602890038,3755.2780000000002,0
Mombasa,44.21,2022 H2,2022-09-30,3,2,2022,3.811318301306514,3755.2780000000002,0
Mombasa,11.78,2023 H1,2023-03-31,4,1,2023,2.5478814489493886,3755.2780000000002,0
Mombasa,7.94,2023 H2,2023-09-30,5,2,2023,2.190535589185423,3755.2780000000002,0
Mombasa,960.3,2024 H1,2024-03-31,6,1,2024,6.86828653507177,3755.2780000000002,0
Mombasa,2069.4,2024 H2,2024-09-30,7,2,2024,7.635497104306581,3755.2780000000002,0
Mombasa,545.36,2025 H1,2025-03-31,8,1,2025,6.303278099134691,3755.2780000000002,0
Muranga,58.85,2021 H1,2021-03-31,0,1,2021,4.091841432003982,1273.237,0
Muranga,26.14,2021 H2,2021-09-30,1,2,2021,3.301008654406723,1273.237,0
Muranga,26.665,2022 H1,2022-03-31,2,1,2022,3.320168076350073,1273.237,0
Muranga,9.422,2022 H2,2022-09-30,3,2,2022,2.343918956487023,1273.237,0
Muranga,97.68,2023 H1,2023-03-31,4,1,2023,4.591882291661156,1273.237,0
Muranga,107.58,2023 H2,2023-09-30,5,2,2023,4.687487228477305,1273.237,0
Muranga,70.0,2024 H1,2024-03-31,6,1,2024,4.2626798770413155,1273.237,0
Muranga,473.8,2024 H2,2024-09-30,7,2,2024,6.162893662735513,1273.237,0
Muranga,403.1,2025 H1,2025-03-31,8,1,2025,6.001662372084428,1273.237,0
Nairobi,1640.436,2021 H1,2021-03-31,0,1,2021,7.403326747451747,12201.194,1
Nairobi,326.4,2021 H2,2021-09-30,1,2,2021,5.791182664937034,12201.194,1
Nairobi,276.566,2022 H1,2022-03-31,2,1,2022,5.626058742745392,12201.194,1
Nairobi,691.722,2022 H2,2022-09-30,3,2,2022,6.540628764304797,12201.194,1
Nairobi,2040.99,2023 H1,2023-03-31,4,1,2023,7.621680101552973,12201.194,1
Nairobi,1388.04,2023 H2,2023-09-30,5,2,2023,7.236368140035882,12201.194,1
Nairobi,1921.3,2024 H1,2024-03-31,6,1,2024,7.561277664758815,12201.194,1
Nairobi,1848.6,2024 H2,2024-09-30,7,2,2024,7.522724678478058,12201.194,1
Nairobi,2067.14,2025 H1,2025-03-31,8,1,2025,7.634404931596084,12201.194,1
Nakuru,56.902,2021 H1,2021-03-31,0,1,2021,4.058751926296712,6147.333,1
Nakuru,371.45,2021 H2,2021-09-30,1,2,2021,5.920102800622285,6147.333,1
Nakuru,375.993,2022 H1,2022-03-31,2,1,2022,5.932226619636372,6147.333,1
Nakuru,863.708,2022 H2,2022-09-30,3,2,2022,6.762391877687205,6147.333,1
Nakuru,1568.89,2023 H1,2023-03-31,4,1,2023,7.358760832193511,6147.333,1
Nakuru,586.18,2023 H2,2023-09-30,5,2,2023,6.375331416774748,6147.333,1
Nakuru,543.1,2024 H1,2024-03-31,6,1,2024,6.29913305349188,6147.333,1
Nakuru,189.1,2024 H2,2024-09-30,7,2,2024,5.247550249494384,6147.333,1
Nakuru,1592.01,2025 H1,2025-03-31,8,1,2025,7.37338058735425,6147.333,1
Nandi,2.31,2021 H1,2021-03-31,0,1,2021,1.1969481893889715,173.345,0
Nandi,28.47,2021 H2,2021-09-30,1,2,2021,3.3833727967496032,173.345,0
Nandi,21.235,2022 H1,2022-03-31,2,1,2022,3.1016676239626597,173.345,0
Nandi,14.0,2022 H2,2022-09-30,3,2,2022,2.70805020110221,173.345,0
Nandi,6.0,2023 H1,2023-03-31,4,1,2023,1.9459101490553132,173.345,0
Nandi,0.65,2023 H2,2023-09-30,5,2,2023,0.5007752879124893,173.345,0
Nandi,28.7,2024 H1,2024-03-31,6,1,2024,3.391147045808654,173.345,0
Nandi,24.6,2024 H2,2024-09-30,7,2,2024,3.242592351485517,173.345,0
Nandi,47.38,2025 H1,2025-03-31,8,1,2025,3.8790865051818813,173.345,0
Narok,4.0,2021 H1,2021-03-31,0,1,2021,1.6094379124341003,2698.665,0
Narok,1175.95,2021 H2,2021-09-30,1,2,2021,7.070681625474336,2698.665,0
Narok,342.05,2022 H1,2022-03-31,2,1,2022,5.837876209136899,2698.665,0
Narok,260.785,2022 H2,2022-09-30,3,2,2022,5.56752355618881,2698.665,0
Narok,196.59,2023 H1,2023-03-31,4,1,2023,5.286194176745726,2698.665,0
Narok,31.78,2023 H2,2023-09-30,5,2,2023,3.4898185733156835,2698.665,0
Narok,133.6,2024 H1,2024-03-31,6,1,2024,4.902307417210627,2698.665,0
Narok,276.0,2024 H2,2024-09-30,7,2,2024,5.6240175061873385,2698.665,0
Narok,277.91,2025 H1,2025-03-31,8,1,2025,5.630889149135877,2698.665,0
Nyamira,1.905,2021 H1,2021-03-31,0,1,2021,1.0664333903038745,366.225,0
Nyamira,12.2,2021 H2,2021-09-30,1,2,2021,2.580216829592325,366.225,0
Nyamira,248.87,2022 H1,2022-03-31,2,1,2022,5.520940782615359,366.225,0
Nyamira,50.45,2022 H2,2022-09-30,3,2,2022,3.9406104622800586,366.225,0
Nyamira,12.05,2023 H1,2023-03-31,4,1,2023,2.5687881337687024,366.225,0
Nyamira,7.45,2023 H2,2023-09-30,5,2,2023,2.1341664413690826,366.225,0
Nyamira,3.8,2024 H1,2024-03-31,6,1,2024,1.5686159179138452,366.225,0
Nyamira,16.4,2024 H2,2024-09-30,7,2,2024,2.856470206220483,366.225,0
Nyamira,13.1,2025 H1,2025-03-31,8,1,2025,2.6461747973841225,366.225,0
Nyandarua,13.752,2021 H1,2021-03-31,0,1,2021,2.691378666814238,805.066,0
Nyandarua,430.8,2021 H2,2021-09-30,1,2,2021,6.067962518080707,805.066,0
Nyandarua,3.21,2022 H1,2022-03-31,2,1,2022,1.43746264769429,805.066,0
Nyandarua,26.884,2022 H2,2022-09-30,3,2,2022,3.3280530476241523,805.066,0
Nyandarua,15.99,2023 H1,2023-03-31,4,1,2023,2.8326249356838407,805.066,0
Nyandarua,23.11,2023 H2,2023-09-30,5,2,2023,3.1826266921930797,805.066,0
Nyandarua,254.8,2024 H1,2024-03-31,6,1,2024,5.5443958891447425,805.066,0
Nyandarua,24.0,2024 H2,2024-09-30,7,2,2024,3.2188758248682006,805.066,0
Nyandarua,12.52,2025 H1,2025-03-31,8,1,2025,2.604170070614818,805.066,0
Nyeri,72.415,2021 H1,2021-03-31,0,1,2021,4.296128274414901,1803.1149999999998,0
Nyeri,418.64,2021 H2,2021-09-30,1,2,2021,6.039397200863284,1803.1149999999998,0
Nyeri,6.653,2022 H1,2022-03-31,2,1,2022,2.035097727827784,1803.1149999999998,0
Nyeri,52.287,2022 H2,2022-09-30,3,2,2022,3.975692398983737,1803.1149999999998,0
Nyeri,1204.83,2023 H1,2023-03-31,4,1,2023,7.094923405493694,1803.1149999999998,0
Nyeri,6.34,2023 H2,2023-09-30,5,2,2023,1.9933388426264242,1803.1149999999998,0
Nyeri,3.2,2024 H1,2024-03-31,6,1,2024,1.4350845252893227,1803.1149999999998,0
Nyeri,16.9,2024 H2,2024-09-30,7,2,2024,2.884800712846709,1803.1149999999998,0
Nyeri,21.85,2025 H1,2025-03-31,8,1,2025,3.128951117340214,1803.1149999999998,0
Railways (CPIU),0.3,2021 H1,2021-03-31,0,1,2021,0.26236426446749106,5.887500000000001,0
Railways (CPIU),0.0,2021 H2,2021-09-30,1,2,2021,0.0,5.887500000000001,0
Railways (CPIU),1.0375,2022 H1,2022-03-31,2,1,2022,0.7117235661328808,5.887500000000001,0
Railways (CPIU),2.075,2022 H2,2022-09-30,3,2,2022,1.1233049012584813,5.887500000000001,0
Railways (CPIU),1.416666666666667,2023 H1,2023-03-31,4,1,2023,0.8823891801984738,5.887500000000001,0
Railways (CPIU),0.7583333333333335,2023 H2,2023-09-30,5,2,2023,0.5643663906940206,5.887500000000001,0
Railways (CPIU),0.1,2024 H1,2024-03-31,6,1,2024,0.09531017980432487,5.887500000000001,0
Railways (CPIU),0.1,2024 H2,2024-09-30,7,2,2024,0.09531017980432487,5.887500000000001,0
Railways (CPIU),0.1,2025 H1,2025-03-31,8,1,2025,0.09531017980432487,5.887500000000001,0
Samburu,55.0,2021 H1,2021-03-31,0,1,2021,4.02535169073515,398.75,0
Samburu,6.2,2021 H2,2021-09-30,1,2,2021,1.9740810260220096,398.75,0
Samburu,20.5,2022 H1,2022-03-31,2,1,2022,3.068052935133617,398.75,0
Samburu,8.5,2022 H2,2022-09-30,3,2,2022,2.2512917986064953,398.75,0
Samburu,0.0,2023 H1,2023-03-31,4,1,2023,0.0,398.75,0
Samburu,0.0,2023 H2,2023-09-30,5,2,2023,0.0,398.75,0
Samburu,200.6,2024 H1,2024-03-31,6,1,2024,5.306285536197214,398.75,0
Samburu,102.85,2024 H2,2024-09-30,7,2,2024,4.642947550322122,398.75,0
Samburu,5.1,2025 H1,2025-03-31,8,1,2025,1.8082887711792655,398.75,0
Siaya,111.575,2021 H1,2021-03-31,0,1,2021,4.723619666187635,715.435,0
Siaya,3.04,2021 H2,2021-09-30,1,2,2021,1.3962446919730587,715.435,0
Siaya,8.5,2022 H1,2022-03-31,2,1,2022,2.2512917986064953,715.435,0
Siaya,90.25,2022 H2,2022-09-30,3,2,2022,4.513602992462601,715.435,0
Siaya,2.34,2023 H1,2023-03-31,4,1,2023,1.205970806988609,715.435,0
Siaya,37.13,2023 H2,2023-09-30,5,2,2023,3.6410013738694724,715.435,0
Siaya,126.3,2024 H1,2024-03-31,6,1,2024,4.846546505563361,715.435,0
Siaya,157.1,2024 H2,2024-09-30,7,2,2024,5.0632277442154265,715.435,0
Siaya,179.2,2025 H1,2025-03-31,8,1,2025,5.194067345174237,715.435,0
Taita Taveta,0.887,2021 H1,2021-03-31,0,1,2021,0.6349882663864131,1338.473,0
Taita Taveta,6.47,2021 H2,2021-09-30,1,2,2021,2.010894999144726,1338.473,0
Taita Taveta,6.21,2022 H1,2022-03-31,2,1,2022,1.9754689512968577,1338.473,0
Taita Taveta,1.616,2022 H2,2022-09-30,3,2,2022,0.9616464335949523,1338.473,0
Taita Taveta,15.87,2023 H1,2023-03-31,4,1,2023,2.825536896557877,1338.473,0
Taita Taveta,112.61,2023 H2,2023-09-30,5,2,2023,4.732771530581813,1338.473,0
Taita Taveta,742.8,2024 H1,2024-03-31,6,1,2024,6.61177218149097,1338.473,0
Taita Taveta,451.0,2024 H2,2024-09-30,7,2,2024,6.113682179832232,1338.473,0
Taita Taveta,1.01,2025 H1,2025-03-31,8,1,2025,0.6981347220709844,1338.473,0
Tana River,0.2,2021 H1,2021-03-31,0,1,2021,0.18232155679395462,11.349,0
Tana River,0.2,2021 H2,2021-09-30,1,2,2021,0.18232155679395462,11.349,0
Tana River,5.096,2022 H1,2022-03-31,2,1,2022,1.807632818384345,11.349,0
Tana River,1.003,2022 H2,2022-09-30,3,2,2022,0.6946460566836812,11.349,0
Tana River,0.05,2023 H1,2023-03-31,4,1,2023,0.04879016416943201,11.349,0
Tana River,1.2,2023 H2,2023-09-30,5,2,2023,0.7884573603642702,11.349,0
Tana River,1.2,2024 H1,2024-03-31,6,1,2024,0.7884573603642702,11.349,0
Tana River,1.2,2024 H2,2024-09-30,7,2,2024,0.7884573603642702,11.349,0
Tana River,1.2,2025 H1,2025-03-31,8,1,2025,0.7884573603642702,11.349,0
Tharaka Nithi,8.988,2021 H1,2021-03-31,0,1,2021,2.3013843724175267,332.288,0
Tharaka Nithi,23.08,2021 H2,2021-09-30,1,2,2021,3.1813816204406202,332.288,0
Tharaka Nithi,175.75,2022 H1,2022-03-31,2,1,2022,5.174736304776682,332.288,0
Tharaka Nithi,21.5,2022 H2,2022-09-30,3,2,2022,3.1135153092103742,332.288,0
Tharaka Nithi,15.44,2023 H1,2023-03-31,4,1,2023,2.7997173896280336,332.288,0
Tharaka Nithi,6.68,2023 H2,2023-09-30,5,2,2023,2.038619547159581,332.288,0
Tharaka Nithi,61.6,2024 H1,2024-03-31,6,1,2024,4.136765278106052,332.288,0
Tharaka Nithi,2.3,2024 H2,2024-09-30,7,2,2024,1.1939224684724346,332.288,0
Tharaka Nithi,16.95,2025 H1,2025-03-31,8,1,2025,2.8875901149342877,332.288,0
Trans Nzoia,3.8,2021 H1,2021-03-31,0,1,2021,1.5686159179138452,137.2,0
Trans Nzoia,20.31,2021 H2,2021-09-30,1,2,2021,3.0591764461105257,137.2,0
Trans Nzoia,4.76,2022 H1,2022-03-31,2,1,2022,1.7509374747077997,137.2,0
Trans Nzoia,1.62,2022 H2,2022-09-30,3,2,2022,0.9631743177730056,137.2,0
Trans Nzoia,38.03,2023 H1,2023-03-31,4,1,2023,3.6643305811925235,137.2,0
Trans Nzoia,54.05,2023 H2,2023-09-30,5,2,2023,4.0082418631686885,137.2,0
Trans Nzoia,12.3,2024 H1,2024-03-31,6,1,2024,2.5877640352277083,137.2,0
Trans Nzoia,1.5,2024 H2,2024-09-30,7,2,2024,0.9162907318741551,137.2,0
Trans Nzoia,0.83,2025 H1,2025-03-31,8,1,2025,0.6043159668533296,137.2,0
Turkana,0.0,2021 H1,2021-03-31,0,1,2021,0.0,573.975,0
Turkana,0.0,2021 H2,2021-09-30,1,2,2021,0.0,573.975,0
Turkana,0.15,2022 H1,2022-03-31,2,1,2022,0.13976194237515868,573.975,0
Turkana,125.075,2022 H2,2022-09-30,3,2,2022,4.836876967962789,573.975,0
Turkana,250.0,2023 H1,2023-03-31,4,1,2023,5.5254529391317835,573.975,0
Turkana,0.0,2023 H2,2023-09-30,5,2,2023,0.0,573.975,0
Turkana,122.5,2024 H1,2024-03-31,6,1,2024,4.816241156068032,573.975,0
Turkana,66.25,2024 H2,2024-09-30,7,2,2024,4.208417018481948,573.975,0
Turkana,10.0,2025 H1,2025-03-31,8,1,2025,2.3978952727983707,573.975,0
Uasin Gishu,34.005,2021 H1,2021-03-31,0,1,2021,3.555490908429161,661.425,0
Uasin Gishu,28.13,2021 H2,2021-09-30,1,2,2021,3.3717685709713434,661.425,0
Uasin Gishu,16.62,2022 H1,2022-03-31,2,1,2022,2.8690346205080335,661.425,0
Uasin Gishu,454.43,2022 H2,2022-09-30,3,2,2022,6.121242027612733,661.425,0
Uasin Gishu,7.62,2023 H1,2023-03-31,4,1,2023,2.154085084675602,661.425,0
Uasin Gishu,0.36,2023 H2,2023-09-30,5,2,2023,0.3074846997479606,661.425,0
Uasin Gishu,40.8,2024 H1,2024-03-31,6,1,2024,3.7328963395307104,661.425,0
Uasin Gishu,5.7,2024 H2,2024-09-30,7,2,2024,1.9021075263969205,661.425,0
Uasin Gishu,73.76,2025 H1,2025-03-31,8,1,2025,4.314282982587362,661.425,0
Vihiga,3.25,2021 H1,2021-03-31,0,1,2021,1.4469189829363254,276.65999999999997,0
Vihiga,1.45,2021 H2,2021-09-30,1,2,2021,0.8960880245566356,276.65999999999997,0
Vihiga,6.0,2022 H1,2022-03-31,2,1,2022,1.9459101490553132,276.65999999999997,0
Vihiga,4.31,2022 H2,2022-09-30,3,2,2022,1.6695918352538475,276.65999999999997,0
Vihiga,2.0,2023 H1,2023-03-31,4,1,2023,1.0986122886681096,276.65999999999997,0
Vihiga,10.4,2023 H2,2023-09-30,5,2,2023,2.4336133554004498,276.65999999999997,0
Vihiga,13.3,2024 H1,2024-03-31,6,1,2024,2.6602595372658615,276.65999999999997,0
Vihiga,130.2,2024 H2,2024-09-30,7,2,2024,4.876722876509988,276.65999999999997,0
Vihiga,105.75,2025 H1,2025-03-31,8,1,2025,4.670489652108734,276.65999999999997,0
Wajir,469.145,2021 H1,2021-03-31,0,1,2021,6.153041157762781,609.8249999999999,0
Wajir,1.92,2021 H2,2021-09-30,1,2,2021,1.0715836162801904,609.8249999999999,0
Wajir,32.5,2022 H1,2022-03-31,2,1,2022,3.5115454388310208,609.8249999999999,0
Wajir,0.33,2022 H2,2022-09-30,3,2,2022,0.2851789422336624,609.8249999999999,0
Wajir,26.13,2023 H1,2023-03-31,4,1,2023,3.3006401266708405,609.8249999999999,0
Wajir,62.0,2023 H2,2023-09-30,5,2,2023,4.143134726391533,609.8249999999999,0
Wajir,3.0,2024 H1,2024-03-31,6,1,2024,1.3862943611198906,609.8249999999999,0
Wajir,1.8,2024 H2,2024-09-30,7,2,2024,1.0296194171811583,609.8249999999999,0
Wajir,13.0,2025 H1,2025-03-31,8,1,2025,2.639057329615259,609.8249999999999,0
West Pokot,0.0,2021 H1,2021-03-31,0,1,2021,0.0,17.4,0
West Pokot,0.0,2021 H2,2021-09-30,1,2,2021,0.0,17.4,0
West Pokot,11.0,2022 H1,2022-03-31,2,1,2022,2.4849066497880004,17.4,0
West Pokot,5.5,2022 H2,2022-09-30,3,2,2022,1.8718021769015913,17.4,0
West Pokot,0.0,2023 H1,2023-03-31,4,1,2023,0.0,17.4,0
West Pokot,0.0,2023 H2,2023-09-30,5,2,2023,0.0,17.4,0
West Pokot,0.3,2024 H1,2024-03-31,6,1,2024,0.26236426446749106,17.4,0
West Pokot,0.3,2024 H2,2024-09-30,7,2,2024,0.26236426446749106,17.4,0
West Pokot,0.3,2025 H1,2025-03-31,8,1,2025,0.26236426446749106,17.4,0
